<?xml version="1.0" encoding="UTF-8"?>
<list>
<item id='9996' name="Vesper Earring">
  <for>
  <add val='1000' order='0x40' stat='mDef'/>
  <add val='2000' order='0x40' stat='maxHp'/>
  <add val='2000' order='0x40' stat='pAtk'/>
  <add val='3000' order='0x40' stat='mAtk'/>
  <enchant val='0' order='0x0C' stat='mDef'/>
</for>
</item>
<item id='9997' name="Vesper Ring">
  <for>
  <add val='500' order='0x40' stat='mDef'/>
  <add val='1000' order='0x40' stat='maxHp'/>
  <add val='1500' order='0x40' stat='pAtk'/>
  <enchant val='0' order='0x0C' stat='mDef'/>
</for>
</item>
<item id='9998' name="Vesper Necklace">
  <for>
  <add val='1000' order='0x40' stat='mDef'/>
  <add val='3000' order='0x40' stat='maxHp'/>
  <add val='2000' order='0x40' stat='maxMp'/>
  <add val='4000' order='0x40' stat='pAtk'/>
  <add val='5000' order='0x40' stat='mAtk'/>
  <add val='1000' order='0x40' stat='pAtkSpd'/>
  <add val='1000' order='0x40' stat='mAtkSpd'/>
  <enchant val='0' order='0x0C' stat='mDef'/>
</for>
</item>
</list>