<?xml version='1.0' encoding='utf-8'?>
<list>
	<!-- Vesper Set by mend3 e XxJrBrxX L2JM Team-->
	<item id='9970' name="Vesper Gold Helmet">
		<for>
                        <add val='150' order='0x40' stat='maxCp' />
                        <add val='500' order='0x40' stat='maxHp'/>
			<enchant val='0' order='0x0C' stat='pDef' />
		</for>
	</item>
	<item id='9971' name="Vesper Gold Breatsplate Heavy">
		<for>
			<add val='90' order='0x10' stat='mDef'/>
                        <add val='3000' order='0x10' stat='pDef' />
                        <add val='100' order='0x10' stat='mAtkSpd'/>
                        <add val='12000' order='0x40' stat='maxHp'/>
                        <add val='10000' order='0x40' stat='pAtk'/>
                        <add val='1200' order='0x40' stat='maxCp'/>
                        <add val='30' order='0x40' stat='runSpd'/>
			<enchant val='0' order='0x0C' stat='pDef' />
		</for>
	</item>
	<item id='9972' name="Vesper Gold Gaiters Heavy">
		<for>
			<add val='250' order='0x10' stat='pDef' />
			<enchant val='0' order='0x0C' stat='pDef' />
		</for>
	</item>
	<item id='9973' name="Vesper Gold Gloves Heavy">
		<for>
			<add val='250' order='0x10' stat='pDef' />
			<enchant val='0' order='0x0C' stat='pDef' />
		</for>
	</item>
	<item id='9974' name="Vesper Gold Boots Heavy">
		<for>
			<add val='250' order='0x10' stat='pDef' />
			<enchant val='0' order='0x0C' stat='pDef' />
		</for>
	</item>
	<item id='9975' name="Vesper Gold Leather Armor Light">
		<for>
			<add val='3000' order='0x10' stat='pDef' />
                        <add val='12000' order='0x40' stat='pAtk'/>
                        <add val='1200' order='0x40' stat='maxCp' />
                        <add val='10000' order='0x40' stat='maxHp'/>
                        <add val='30' order='0x40' stat='runSpd'/>
			<enchant val='0' order='0x0C' stat='pDef' />
		</for>
	</item>
	<item id='9976' name="Vesper Gold Leggings Light">
		<for>
			<add val='250' order='0x10' stat='pDef' />
			<enchant val='0' order='0x0C' stat='pDef' />
		</for>
	</item>
	<item id='9977' name="Vesper Gold Gloves Light">
		<for>
			<add val='250' order='0x10' stat='pDef' />
			<enchant val='0' order='0x0C' stat='pDef' />
		</for>
	</item>
	<item id='9978' name="Vesper Gold Boots Light">
		<for>
			<add val='250' order='0x10' stat='pDef' />
			<enchant val='0' order='0x0C' stat='pDef' />
		</for>
	</item>
	<item id='9979' name="Vesper Gold Tunic Robe">
		<for>
			<add val='250' order='0x10' stat='pDef' />
			<enchant val='0' order='0x0C' stat='pDef' />
		</for>
	</item>
	<item id='9980' name="Vesper Gold Stockings Robe">
		<for>
			<add val='3000' order='0x10' stat='pDef' />
                        <add val='13000' order='0x40' stat='mAtk'/>
                        <add val='1200' order='0x40' stat='maxCp' />
                        <add val='10000' order='0x40' stat='maxHp'/>
                        <add val='30' order='0x40' stat="runSpd"/>
			<enchant val='0' order='0x0C' stat='pDef' />
		</for>
	</item>
	<item id='9981' name="Vesper Gold Gloves Robe">
		<for>
			<add val='250' order='0x10' stat='pDef' />
                        <add val='200' order='0x40' stat='maxCp' />
			<enchant val='0' order='0x0C' stat='pDef' />
		</for>
	</item>
	<item id='9982' name="Vesper Gold Boots Robe">
		<for>
			<add val='250' order='0x10' stat='pDef' />
			<enchant val='0' order='0x0C' stat='pDef' />
		</for>
	</item>
	<item id='9983' name="Vesper Gold Helmet">
		<for>
                        <add val='150' order='0x40' stat='maxCp' />
                        <add val='500' order='0x40' stat='maxHp'/>
			<enchant val='0' order='0x0C' stat='pDef' />
		</for>
	</item>
	<item id='9984' name="*Vesper Gold Breatsplate Heavy">
		<for>
                        <add val='1000' order='0x10' stat='pDef' />
                        <add val='100' order='0x10' stat='mAtkSpd'/>
                        <add val='4000' order='0x40' stat='maxHp'/>
                        <add val='5000' order='0x40' stat='pAtk'/>
                        <add val='300' order='0x40' stat='maxCp'/>
                        <add val='8' order='0x40' stat='runSpd'/>

			<enchant val='0' order='0x0C' stat='pDef' />
		</for>
	</item>
	<item id='9985' name="*Vesper Gold Gaiters Heavy">
		<for>
			<add val='250' order='0x10' stat='pDef' />
			<enchant val='0' order='0x0C' stat='pDef' />
		</for>
	</item>
	<item id='9986' name="*Vesper Gold Gloves Heavy">
		<for>
			<add val='250' order='0x10' stat='pDef' />
			<enchant val='0' order='0x0C' stat='pDef' />
		</for>
	</item>
	<item id='9987' name="Vesper Gold Boots Heavy">
		<for>
			<add val='250' order='0x10' stat='pDef' />
			<enchant val='0' order='0x0C' stat='pDef' />
		</for>
	</item>
	<item id='9988' name="Vesper Gold Leather Armor Light">
		<for>
                        <add val='4500' order='0x40' stat='pAtk'/>
                        <add val='300' order='0x40' stat='maxCp' />
                        <add val='4000' order='0x40' stat='maxHp'/>
                        <add val='8' order='0x40' stat='runSpd'/>
			<enchant val='0' order='0x0C' stat='pDef' />
		</for>
	</item>
	<item id='9989' name="Vesper Gold Leggings Light">
		<for>
			<add val='250' order='0x10' stat='pDef' />
			<enchant val='0' order='0x0C' stat='pDef' />
		</for>
	</item>
	<item id='9990' name="Vesper Gold Gloves Light">
		<for>
			<add val='250' order='0x10' stat='pDef' />
			<enchant val='0' order='0x0C' stat='pDef' />
		</for>
	</item>
	<item id='9991' name="Vesper Gold Boots Light">
		<for>
			<add val='250' order='0x10' stat='pDef' />
			<enchant val='0' order='0x0C' stat='pDef' />
		</for>
	</item>
	<item id='9992' name="Vesper Gold Tunic Robe">
		<for>
			<add val='250' order='0x10' stat='pDef' />
			<enchant val='0' order='0x0C' stat='pDef' />
		</for>
	</item>
	<item id='9993' name="Vesper Gold Stockings Robe">
		<for>
			<add val='1500' order='0x10' stat='pDef' />
                        <add val='4500' order='0x40' stat='mAtk'/>
                        <add val='300' order='0x40' stat='maxCp' />
                        <add val='4000' order='0x40' stat='maxHp'/>
                        <add val='8' order='0x40' stat="runSpd"/>
			<enchant val='0' order='0x0C' stat='pDef' />
		</for>
	</item>
	<item id='9994' name="Vesper Gold Gloves Robe">
		<for>
			<add val='250' order='0x10' stat='pDef' />
			<enchant val='0' order='0x0C' stat='pDef' />
		</for>
	</item>
	<item id='9995' name="Vesper Gold Boots Robe">
		<for>
			<add val='250' order='0x10' stat='pDef' />
			<enchant val='0' order='0x0C' stat='pDef' />
		</for>
	</item>
</list>