<?xml version='1.0' encoding='utf-8'?>
<list>
	<!-- Set Vesper Black - By PsyTrance  -->
	<item id='9950' name="Vesper Black Helmet">
		<for>
			<add val='250' order='0x10' stat='pDef' />
			<enchant val='0' order='0x0C' stat='pDef' />
		</for>
	</item>
	<item id='9951' name="Vesper Black Breatsplate Heavy">
		<for>
			<add val='225' order='0x10' stat='pDef' />
			<enchant val='0' order='0x0C' stat='pDef' />
		</for>
	</item>
	<item id='9952' name="Vesper Black Gaiters Heavy">
		<for>
			<add val='225' order='0x10' stat='pDef' />
			<enchant val='0' order='0x0C' stat='pDef' />
		</for>
	</item>
	<item id='9953' name="Vesper Black Gloves Heavy">
		<for>
			<add val='225' order='0x10' stat='pDef' />
			<enchant val='0' order='0x0C' stat='pDef' />
		</for>
	</item>
	<item id='9954' name="Vesper Black Boots Heavy">
		<for>
			<add val='225' order='0x10' stat='pDef' />
			<enchant val='0' order='0x0C' stat='pDef' />
		</for>
	</item>
	<item id='9955' name="Vesper Black Leather Armor Light">
		<for>
			<add val='250' order='0x10' stat='pDef' />
			<enchant val='0' order='0x0C' stat='pDef' />
		</for>
	</item>
	<item id='9956' name="Vesper Black Leggings Light">
		<for>
			<add val='250' order='0x10' stat='pDef' />
			<enchant val='0' order='0x0C' stat='pDef' />
		</for>
	</item>
	<item id='9957' name="Vesper Black Gloves Light">
		<for>
			<add val='250' order='0x10' stat='pDef' />
			<enchant val='0' order='0x0C' stat='pDef' />
		</for>
	</item>
	<item id='9958' name="Vesper Black Boots Light">
		<for>
			<add val='250' order='0x10' stat='pDef' />
			<enchant val='0' order='0x0C' stat='pDef' />
		</for>
	</item>
	<item id='9959' name="Vesper Black Tunic Robe">
		<for>
			<add val='250' order='0x10' stat='pDef' />
			<enchant val='0' order='0x0C' stat='pDef' />
		</for>
	</item>
	<item id='9960' name="Vesper Black Stockings Robe">
		<for>
			<add val='250' order='0x10' stat='pDef' />
			<enchant val='0' order='0x0C' stat='pDef' />
		</for>
	</item>
	<item id='9961' name="Vesper Black Gloves Robe">
		<for>
			<add val='250' order='0x10' stat='pDef' />
			<enchant val='0' order='0x0C' stat='pDef' />
		</for>
	</item>
	<item id='9962' name="Vesper Black Boots Robe">
		<for>
			<add val='250' order='0x10' stat='pDef' />
			<enchant val='0' order='0x0C' stat='pDef' />
		</for>
	</item>
</list>